date,page_id,sessions
2026-11-19,find-a-course-by-atar,548
2026-11-19,change-of-preference-page,416
2026-11-19,pathways-into-rmit,129
2026-11-19,contact-study-rmit,96
2026-11-19,your-guide-to-vtac-and-rmit-terms,124
2026-11-19,equity-access-schemes,69
2026-11-20,find-a-course-by-atar,350
2026-11-20,change-of-preference-page,272
2026-11-20,pathways-into-rmit,82
2026-11-20,contact-study-rmit,65
2026-11-20,your-guide-to-vtac-and-rmit-terms,78
2026-11-20,equity-access-schemes,44
2026-11-21,find-a-course-by-atar,185
2026-11-21,change-of-preference-page,149
2026-11-21,pathways-into-rmit,44
2026-11-21,contact-study-rmit,32
2026-11-21,your-guide-to-vtac-and-rmit-terms,45
2026-11-21,equity-access-schemes,25
2026-11-22,find-a-course-by-atar,204
2026-11-22,change-of-preference-page,152
2026-11-22,pathways-into-rmit,43
2026-11-22,contact-study-rmit,33
2026-11-22,your-guide-to-vtac-and-rmit-terms,45
2026-11-22,equity-access-schemes,24
2026-11-23,find-a-course-by-atar,355
2026-11-23,change-of-preference-page,268
2026-11-23,pathways-into-rmit,78
2026-11-23,contact-study-rmit,64
2026-11-23,your-guide-to-vtac-and-rmit-terms,82
2026-11-23,equity-access-schemes,47
2026-11-24,find-a-course-by-atar,436
2026-11-24,change-of-preference-page,330
2026-11-24,pathways-into-rmit,97
2026-11-24,contact-study-rmit,77
2026-11-24,your-guide-to-vtac-and-rmit-terms,97
2026-11-24,equity-access-schemes,53
2026-11-25,find-a-course-by-atar,348
2026-11-25,change-of-preference-page,261
2026-11-25,pathways-into-rmit,77
2026-11-25,contact-study-rmit,59
2026-11-25,your-guide-to-vtac-and-rmit-terms,73
2026-11-25,equity-access-schemes,40
2026-11-26,find-a-course-by-atar,371
2026-11-26,change-of-preference-page,272
2026-11-26,pathways-into-rmit,87
2026-11-26,contact-study-rmit,65
2026-11-26,your-guide-to-vtac-and-rmit-terms,88
2026-11-26,equity-access-schemes,46
2026-11-27,find-a-course-by-atar,361
2026-11-27,change-of-preference-page,268
2026-11-27,pathways-into-rmit,73
2026-11-27,contact-study-rmit,58
2026-11-27,your-guide-to-vtac-and-rmit-terms,81
2026-11-27,equity-access-schemes,43
2026-11-28,find-a-course-by-atar,198
2026-11-28,change-of-preference-page,140
2026-11-28,pathways-into-rmit,40
2026-11-28,contact-study-rmit,33
2026-11-28,your-guide-to-vtac-and-rmit-terms,43
2026-11-28,equity-access-schemes,23
2026-11-29,find-a-course-by-atar,204
2026-11-29,change-of-preference-page,157
2026-11-29,pathways-into-rmit,50
2026-11-29,contact-study-rmit,38
2026-11-29,your-guide-to-vtac-and-rmit-terms,46
2026-11-29,equity-access-schemes,26
2026-11-30,find-a-course-by-atar,653
2026-11-30,change-of-preference-page,487
2026-11-30,pathways-into-rmit,157
2026-11-30,contact-study-rmit,115
2026-11-30,your-guide-to-vtac-and-rmit-terms,153
2026-11-30,equity-access-schemes,84
2026-12-01,find-a-course-by-atar,367
2026-12-01,change-of-preference-page,290
2026-12-01,pathways-into-rmit,82
2026-12-01,contact-study-rmit,67
2026-12-01,your-guide-to-vtac-and-rmit-terms,82
2026-12-01,equity-access-schemes,47
2026-12-02,find-a-course-by-atar,348
2026-12-02,change-of-preference-page,262
2026-12-02,pathways-into-rmit,84
2026-12-02,contact-study-rmit,64
2026-12-02,your-guide-to-vtac-and-rmit-terms,79
2026-12-02,equity-access-schemes,46
2026-12-03,find-a-course-by-atar,357
2026-12-03,change-of-preference-page,273
2026-12-03,pathways-into-rmit,85
2026-12-03,contact-study-rmit,65
2026-12-03,your-guide-to-vtac-and-rmit-terms,79
2026-12-03,equity-access-schemes,48
2026-12-04,find-a-course-by-atar,329
2026-12-04,change-of-preference-page,248
2026-12-04,pathways-into-rmit,78
2026-12-04,contact-study-rmit,58
2026-12-04,your-guide-to-vtac-and-rmit-terms,74
2026-12-04,equity-access-schemes,40
2026-12-05,find-a-course-by-atar,193
2026-12-05,change-of-preference-page,152
2026-12-05,pathways-into-rmit,44
2026-12-05,contact-study-rmit,35
2026-12-05,your-guide-to-vtac-and-rmit-terms,44
2026-12-05,equity-access-schemes,25
2026-12-06,find-a-course-by-atar,219
2026-12-06,change-of-preference-page,156
2026-12-06,pathways-into-rmit,47
2026-12-06,contact-study-rmit,38
2026-12-06,your-guide-to-vtac-and-rmit-terms,45
2026-12-06,equity-access-schemes,25
2026-12-07,find-a-course-by-atar,375
2026-12-07,change-of-preference-page,279
2026-12-07,pathways-into-rmit,79
2026-12-07,contact-study-rmit,61
2026-12-07,your-guide-to-vtac-and-rmit-terms,83
2026-12-07,equity-access-schemes,47
2026-12-08,find-a-course-by-atar,362
2026-12-08,change-of-preference-page,292
2026-12-08,pathways-into-rmit,87
2026-12-08,contact-study-rmit,66
2026-12-08,your-guide-to-vtac-and-rmit-terms,83
2026-12-08,equity-access-schemes,44
2026-12-09,find-a-course-by-atar,493
2026-12-09,change-of-preference-page,406
2026-12-09,pathways-into-rmit,113
2026-12-09,contact-study-rmit,92
2026-12-09,your-guide-to-vtac-and-rmit-terms,113
2026-12-09,equity-access-schemes,66
2026-12-10,find-a-course-by-atar,1889
2026-12-10,change-of-preference-page,1790
2026-12-10,pathways-into-rmit,210
2026-12-10,contact-study-rmit,133
2026-12-10,your-guide-to-vtac-and-rmit-terms,166
2026-12-10,equity-access-schemes,127
2026-12-11,find-a-course-by-atar,1378
2026-12-11,change-of-preference-page,1385
2026-12-11,pathways-into-rmit,161
2026-12-11,contact-study-rmit,93
2026-12-11,your-guide-to-vtac-and-rmit-terms,132
2026-12-11,equity-access-schemes,92
2026-12-12,find-a-course-by-atar,534
2026-12-12,change-of-preference-page,535
2026-12-12,pathways-into-rmit,64
2026-12-12,contact-study-rmit,37
2026-12-12,your-guide-to-vtac-and-rmit-terms,50
2026-12-12,equity-access-schemes,38
